ID;Fase;Paso del libro;Decisión;Predecesor;Sucesor;Ruta;Listo para prueba;En el flujo
F0.1;F0;Empresa, áreas y puestos (prerrequisito OpenEVM);No;;F1.1;/admin;sí;sí
F1.1;F1;Notificación de Adjudicación;No;;F1.2;/clients;sí;sí
F1.2;F1;Revisión y Aceptación de Condiciones Contractuales;Sí;F1.1;F1.3;/clients;sí;sí
F1.3;F1;Firma y Formalización del Contrato;No;F1.2;F1.4;/clients;sí;sí
F1.4;F1;Designación del Equipo del Proyecto;No;F1.3;F1.5;/teams;sí;sí
F1.5;F1;Kick-off Comercial → Operaciones (Traspaso de Venta);No;F1.4;F2.1;/clients;sí;sí
F2.1;F2;Revisión de Antecedentes Técnicos y Carta de Proyecto (Área Operativa);Sí;F1.5;F2.2;/demo;sí;sí
F2.2;F2;Elaboración del Acta de Constitución del Proyecto;No;F2.1;F2.3;/clients;sí;sí
F2.3;F2;Identificación Preliminar de Interesados;No;F2.2;F2.4;/clients;no;sí
F2.4;F2;Kick-off de Partida con el Cliente (Día 1 - Inicio Oficial);No;F2.3;F2.5;/clients;sí;sí
F2.5;F2;Definición de la Estructura Organizacional y Planificación Preliminar de Recursos;No;F2.4;F3.1;/profiles;sí;sí
F3.1;F3;Definición y Validación del Alcance (EDT/WBS);No;F2.5;F3.2;/gantt;sí;sí
F3.2;F3;Elaboración del Cronograma Base;No;F3.1;F3.3;/gantt;sí;sí
F3.3;F3;Elaboración del Presupuesto y Línea Base de Costos;No;F3.2;F3.4;/budget;sí;sí
F3.4;F3;Plan de Gestión de Riesgos;No;F3.3;F3.5;/demo;no;sí
F3.5;F3;Plan de Gestión de Adquisiciones y Subcontratos;No;F3.4;F3.6;/demo;no;sí
F3.6;F3;Plan de Gestión de Calidad;No;F3.5;F3.7;/evidence;no;sí
F3.7;F3;Plan de Comunicaciones y Gestión de Recursos;No;F3.6;F3.8;/demo;no;sí
F3.8;F3;Consolidación del Plan de Gestión del Proyecto;No;F3.7;F3.9;/demo;no;sí
F3.9;F3;Aprobación de la Línea Base del Proyecto;Sí;F3.8;F4.1;/baseline;no;sí
F4.1;F4;Movilización de Recursos;No;F3.9;F4.2;/gantt;no;sí
F4.2;F4;Gestión de Permisos y Permisología;Sí;F4.1;F4.3;/clients;no;sí
F4.3;F4;Compra de Materiales e Importaciones;No;F4.2;F4.4;/demo;no;sí
F4.4;F4;Contratación y Asignación de Recurso Humano;No;F4.3;F4.5;/users;sí;sí
F4.5;F4;Ejecución de Actividades según EDT/Cronograma;No;F4.4;F4.6;/progress;sí;sí
F4.6;F4;Gestión de Subcontratos y Proveedores;No;F4.5;F4.7;/progress;sí;sí
F4.7;F4;Gestión de Anticipos y Facturación Mensual;No;F4.6;F4.8;/finance;no;sí
F4.8;F4;Aseguramiento de Calidad;No;F4.7;F4.9;/evidence;no;sí
F4.9;F4;Desarrollo y Gestión del Equipo;No;F4.8;F4.10;/gantt;no;sí
F4.10;F4;Informe Periódico de Avance;No;F4.9;F5.1;/demo;sí;sí
F5.1;F5;Medición del Avance Físico (% Avance);Sí;F4.10;F5.2;/evidence;sí;sí
F5.2;F5;Cálculo de Valor Ganado y Curva S (EV, PV, AC);No;F5.1;F5.3;/demo;sí;sí
F5.3;F5;Control de Cronograma y Costos (Índices SPI/CPI);Sí;F5.2;F5.4;/demo;sí;sí
F5.4;F5;Acción Correctiva / Replanificación;No;F5.3;F5.5;/gantt;sí;sí
F5.5;F5;Identificación de Variaciones de Obra (Aumentos/Disminuciones/Adicionales);No;F5.4;F5.6;/gantt;no;sí
F5.6;F5;Negociación del Acuerdo Económico de la Variación con el Mandante;Sí;F5.5;F5.7;/clients;no;sí
F5.7;F5;Gestión de Solicitud de Cambio y Actualización de Líneas Base;Sí;F5.6;F5.8;/baseline;no;sí
F5.8;F5;Control de Calidad y No Conformidades;No;F5.7;F5.9;/evidence;no;sí
F5.9;F5;Seguimiento de Riesgos;No;F5.8;F5.10;/demo;no;sí
F5.10;F5;Informe de Desempeño del Proyecto;No;F5.9;F5.11;/demo;sí;sí
F5.11;F5;Verificación de Cierre de Alcance;Sí;F5.10;F6.1;/demo;no;sí
F6.1;F6;Pruebas de Aceptación / Puesta en Marcha;No;F5.11;F6.2;/progress;no;sí
F6.2;F6;Recepción Provisoria;Sí;F6.1;F6.3;/projects;no;sí
F6.3;F6;Subsanación de Observaciones;Sí;F6.2;F6.2;/progress;no;sí
F6.4;F6;Elaboración y Entrega del TOP (Turnover Package) al Cliente;Sí;F6.2 / F6.3;F6.5;/knowledge;no;sí
F6.5;F6;Recepción Final / Definitiva;No;F6.4;F6.6;/projects;no;sí
F6.6;F6;Liquidación del Contrato;No;F6.5;F6.7;/finance;no;sí
F6.7;F6;Devolución/Canje de Garantías Contractuales;No;F6.6;F6.8;/finance;no;sí
F6.8;F6;Cierre Administrativo y Financiero;No;F6.7;F6.9;/projects;no;sí
F6.9;F6;Lecciones Aprendidas;No;F6.8;F6.10;/knowledge;sí;sí
F6.10;F6;Elaboración del Dossier Técnico Interno (As-Built);No;F6.9;F7.1;/knowledge;no;sí
F7.1;F7;Capacitación al Equipo de Postventa/Mantenimiento;No;F6.10;F7.2;/knowledge;no;sí
F7.2;F7;Acta de Traspaso al Área de Postventa/Mantenimiento;No;F7.1;F7.3;/projects;no;sí
F7.3;F7;Activación del Período de Garantía (Instalación y Producto);No;F7.2;F7.4;/clients;no;sí
F7.4;F7;Gestión de Solicitudes de Garantía;Sí;F7.3;F7.4;/demo;no;sí
F7.5;F7;Cierre del Período de Garantía;No;F7.4;F7.6;/projects;no;sí
F7.6;F7;Liberación Final de Garantías y Cierre Definitivo del Proyecto;No;F7.5;;/projects;no;sí
