Código EDT;EDT padre;Tipo de elemento;Fase;Nombre;Fecha de inicio;Fecha de término;Responsable;Presupuesto planificado (CLP);Inspección en terreno
SEM02.1;;Paquete de trabajo;Inducción;Capacitación inicial del equipo;2026-08-24;2026-11-20;Gerente de proyectos;0;No
SEM02.1.1;SEM02.1;Actividad;Inducción;Presentación de la plataforma;2026-08-24;2026-11-20;Gerente de proyectos;0;No
SEM02.1.2;SEM02.1;Inspección en terreno;Inducción;Lista de asistencia en faena;2026-08-24;2026-08-24;Operaciones / Terreno;0;Sí
SEM02.1.3;SEM02.1;Inspección en terreno;Inducción;Verificación del puesto de trabajo;2026-08-24;2026-08-24;Operaciones / Terreno;0;Sí
SEM02.1.4;SEM02.1;Hito;Inducción;Inducción completada;2026-08-24;2026-08-24;Gerente de proyectos;0;No
SEM02.2;;Paquete de trabajo;Práctica;Uso de la plataforma en faena;2026-08-24;2026-11-20;Gerente de proyectos;0;No
SEM02.2.1;SEM02.2;Inspección en terreno;Práctica;Carga de avance con evidencia;2026-08-24;2026-11-20;Operaciones / Terreno;0;Sí
SEM02.2.2;SEM02.2;Actividad;Práctica;Conciliación de costos del periodo;2026-08-24;2026-11-20;Finanzas;0;No
SEM02.2.3;SEM02.2;Hito;Práctica;Línea base del cronograma confirmada;2026-11-20;2026-11-20;Gerente de proyectos;0;No
